[
   {
      "title":"The Big Bang Theory",
      "year":2007,
      "url":"http://trakt.tv/show/the-big-bang-theory",
      "first_aired":1190617200,
      "country":"United States",
      "overview":"Leonard Hofstadter and Sheldon Cooper are brilliant physicists, the kind of \"beautiful minds\" that understand how the universe works. But none of that genius helps them interact with people, especially women. All this begins to change when a free-spirited beauty named Penny moves in next door. Sheldon, Leonard's roommate, is quite content spending his nights playing Klingon Boggle with their socially dysfunctional friends, fellow CalTech scientists Howard Wolowitz and Raj Koothrappali. However, Leonard sees in Penny a whole new universe of possibilities... including love.",
      "runtime":30,
      "network":"CBS",
      "air_day":"Thursday",
      "air_time":"8:00pm",
      "certification":"TV-PG",
      "imdb_id":"tt0898266",
      "tvdb_id":80379,
      "tvrage_id":8511,
      "ended":false,
      "images":{
         "poster":"http://slurm.trakt.us/images/posters/34.54.jpg",
         "fanart":"http://slurm.trakt.us/images/fanart/34.54.jpg",
         "banner":"http://slurm.trakt.us/images/banners/34.54.jpg"
      },
      "ratings":{
         "percentage":89,
         "votes":15766,
         "loved":14798,
         "hated":968
      },
      "genres":[
         "Comedy"
      ],
      "seasons":[
         {
            "season":0,
            "episodes":[
               {
                  "season":0,
                  "number":17
               },
               {
                  "season":0,
                  "number":16
               },
               {
                  "season":0,
                  "number":15
               },
               {
                  "season":0,
                  "number":14
               },
               {
                  "season":0,
                  "number":13
               },
               {
                  "season":0,
                  "number":12
               },
               {
                  "season":0,
                  "number":11
               },
               {
                  "season":0,
                  "number":10
               },
               {
                  "season":0,
                  "number":9
               },
               {
                  "season":0,
                  "number":8
               },
               {
                  "season":0,
                  "number":6
               },
               {
                  "season":0,
                  "number":5
               },
               {
                  "season":0,
                  "number":4
               },
               {
                  "season":0,
                  "number":3
               },
               {
                  "season":0,
                  "number":2
               },
               {
                  "season":0,
                  "number":1
               },
               {
                  "season":0,
                  "number":0
               },
               {
                  "season":0,
                  "number":0
               },
               {
                  "season":0,
                  "number":0
               },
               {
                  "season":0,
                  "number":0
               },
               {
                  "season":0,
                  "number":0
               }
            ]
         },
         {
            "season":5,
            "episodes":[
               {
                  "season":5,
                  "number":16
               },
               {
                  "season":5,
                  "number":15
               },
               {
                  "season":5,
                  "number":14
               },
               {
                  "season":5,
                  "number":13
               },
               {
                  "season":5,
                  "number":12
               },
               {
                  "season":5,
                  "number":11
               },
               {
                  "season":5,
                  "number":10
               },
               {
                  "season":5,
                  "number":9
               },
               {
                  "season":5,
                  "number":8
               },
               {
                  "season":5,
                  "number":7
               },
               {
                  "season":5,
                  "number":6
               },
               {
                  "season":5,
                  "number":5
               },
               {
                  "season":5,
                  "number":4
               },
               {
                  "season":5,
                  "number":3
               },
               {
                  "season":5,
                  "number":2
               },
               {
                  "season":5,
                  "number":1
               }
            ]
         },
         {
            "season":4,
            "episodes":[
               {
                  "season":4,
                  "number":13
               },
               {
                  "season":4,
                  "number":12
               },
               {
                  "season":4,
                  "number":11
               },
               {
                  "season":4,
                  "number":10
               },
               {
                  "season":4,
                  "number":9
               },
               {
                  "season":4,
                  "number":8
               },
               {
                  "season":4,
                  "number":7
               },
               {
                  "season":4,
                  "number":6
               },
               {
                  "season":4,
                  "number":5
               },
               {
                  "season":4,
                  "number":4
               },
               {
                  "season":4,
                  "number":3
               },
               {
                  "season":4,
                  "number":2
               },
               {
                  "season":4,
                  "number":1
               }
            ]
         },
         {
            "season":3,
            "episodes":[
               {
                  "season":3,
                  "number":13
               },
               {
                  "season":3,
                  "number":12
               },
               {
                  "season":3,
                  "number":11
               },
               {
                  "season":3,
                  "number":10
               },
               {
                  "season":3,
                  "number":9
               },
               {
                  "season":3,
                  "number":8
               },
               {
                  "season":3,
                  "number":7
               },
               {
                  "season":3,
                  "number":6
               },
               {
                  "season":3,
                  "number":5
               },
               {
                  "season":3,
                  "number":4
               },
               {
                  "season":3,
                  "number":3
               },
               {
                  "season":3,
                  "number":2
               },
               {
                  "season":3,
                  "number":1
               }
            ]
         },
         {
            "season":2,
            "episodes":[
               {
                  "season":2,
                  "number":13
               },
               {
                  "season":2,
                  "number":12
               },
               {
                  "season":2,
                  "number":11
               },
               {
                  "season":2,
                  "number":10
               },
               {
                  "season":2,
                  "number":9
               },
               {
                  "season":2,
                  "number":8
               },
               {
                  "season":2,
                  "number":7
               },
               {
                  "season":2,
                  "number":6
               },
               {
                  "season":2,
                  "number":5
               },
               {
                  "season":2,
                  "number":4
               },
               {
                  "season":2,
                  "number":3
               },
               {
                  "season":2,
                  "number":2
               },
               {
                  "season":2,
                  "number":1
               }
            ]
         },
         {
            "season":1,
            "episodes":[
               {
                  "season":1,
                  "number":7
               },
               {
                  "season":1,
                  "number":6
               },
               {
                  "season":1,
                  "number":5
               },
               {
                  "season":1,
                  "number":4
               },
               {
                  "season":1,
                  "number":3
               },
               {
                  "season":1,
                  "number":2
               },
               {
                  "season":1,
                  "number":1
               }
            ]
         }
      ]
   },
   {
      "title":"The sBig Bang Theory",
      "year":2007,
      "url":"http://trakt.tv/show/the-big-bang-theory",
      "first_aired":1190617200,
      "country":"United States",
      "overview":"Leonard Hofstadter and Sheldon Cooper are brilliant physicists, the kind of \"beautiful minds\" that understand how the universe works. But none of that genius helps them interact with people, especially women. All this begins to change when a free-spirited beauty named Penny moves in next door. Sheldon, Leonard's roommate, is quite content spending his nights playing Klingon Boggle with their socially dysfunctional friends, fellow CalTech scientists Howard Wolowitz and Raj Koothrappali. However, Leonard sees in Penny a whole new universe of possibilities... including love.",
      "runtime":30,
      "network":"CBS",
      "air_day":"Thursday",
      "air_time":"8:00pm",
      "certification":"TV-PG",
      "imdb_id":"tt0898266",
      "tvdb_id":80379,
      "tvrage_id":8511,
      "ended":false,
      "images":{
         "poster":"http://slurm.trakt.us/images/posters/34.54.jpg",
         "fanart":"http://slurm.trakt.us/images/fanart/34.54.jpg",
         "banner":"http://slurm.trakt.us/images/banners/34.54.jpg"
      },
      "ratings":{
         "percentage":89,
         "votes":15766,
         "loved":14798,
         "hated":968
      },
      "genres":[
         "Comedy"
      ],
      "seasons":[
         {
            "season":0,
            "episodes":[
               {
                  "season":0,
                  "number":17
               },
               {
                  "season":0,
                  "number":16
               },
               {
                  "season":0,
                  "number":15
               },
               {
                  "season":0,
                  "number":14
               },
               {
                  "season":0,
                  "number":13
               },
               {
                  "season":0,
                  "number":12
               },
               {
                  "season":0,
                  "number":11
               },
               {
                  "season":0,
                  "number":10
               },
               {
                  "season":0,
                  "number":9
               },
               {
                  "season":0,
                  "number":8
               },
               {
                  "season":0,
                  "number":6
               },
               {
                  "season":0,
                  "number":5
               },
               {
                  "season":0,
                  "number":4
               },
               {
                  "season":0,
                  "number":3
               },
               {
                  "season":0,
                  "number":2
               },
               {
                  "season":0,
                  "number":1
               },
               {
                  "season":0,
                  "number":0
               },
               {
                  "season":0,
                  "number":0
               },
               {
                  "season":0,
                  "number":0
               },
               {
                  "season":0,
                  "number":0
               },
               {
                  "season":0,
                  "number":0
               }
            ]
         },
         {
            "season":5,
            "episodes":[
               {
                  "season":5,
                  "number":16
               },
               {
                  "season":5,
                  "number":15
               },
               {
                  "season":5,
                  "number":14
               },
               {
                  "season":5,
                  "number":13
               },
               {
                  "season":5,
                  "number":12
               },
               {
                  "season":5,
                  "number":11
               },
               {
                  "season":5,
                  "number":10
               },
               {
                  "season":5,
                  "number":9
               },
               {
                  "season":5,
                  "number":8
               },
               {
                  "season":5,
                  "number":7
               },
               {
                  "season":5,
                  "number":6
               },
               {
                  "season":5,
                  "number":5
               },
               {
                  "season":5,
                  "number":4
               },
               {
                  "season":5,
                  "number":3
               },
               {
                  "season":5,
                  "number":2
               },
               {
                  "season":5,
                  "number":1
               }
            ]
         },
         {
            "season":4,
            "episodes":[
               {
                  "season":4,
                  "number":13
               },
               {
                  "season":4,
                  "number":12
               },
               {
                  "season":4,
                  "number":11
               },
               {
                  "season":4,
                  "number":10
               },
               {
                  "season":4,
                  "number":9
               },
               {
                  "season":4,
                  "number":8
               },
               {
                  "season":4,
                  "number":7
               },
               {
                  "season":4,
                  "number":6
               },
               {
                  "season":4,
                  "number":5
               },
               {
                  "season":4,
                  "number":4
               },
               {
                  "season":4,
                  "number":3
               },
               {
                  "season":4,
                  "number":2
               },
               {
                  "season":4,
                  "number":1
               }
            ]
         },
         {
            "season":3,
            "episodes":[
               {
                  "season":3,
                  "number":13
               },
               {
                  "season":3,
                  "number":12
               },
               {
                  "season":3,
                  "number":11
               },
               {
                  "season":3,
                  "number":10
               },
               {
                  "season":3,
                  "number":9
               },
               {
                  "season":3,
                  "number":8
               },
               {
                  "season":3,
                  "number":7
               },
               {
                  "season":3,
                  "number":6
               },
               {
                  "season":3,
                  "number":5
               },
               {
                  "season":3,
                  "number":4
               },
               {
                  "season":3,
                  "number":3
               },
               {
                  "season":3,
                  "number":2
               },
               {
                  "season":3,
                  "number":1
               }
            ]
         },
         {
            "season":2,
            "episodes":[
               {
                  "season":2,
                  "number":13
               },
               {
                  "season":2,
                  "number":12
               },
               {
                  "season":2,
                  "number":11
               },
               {
                  "season":2,
                  "number":10
               },
               {
                  "season":2,
                  "number":9
               },
               {
                  "season":2,
                  "number":8
               },
               {
                  "season":2,
                  "number":7
               },
               {
                  "season":2,
                  "number":6
               },
               {
                  "season":2,
                  "number":5
               },
               {
                  "season":2,
                  "number":4
               },
               {
                  "season":2,
                  "number":3
               },
               {
                  "season":2,
                  "number":2
               },
               {
                  "season":2,
                  "number":1
               }
            ]
         },
         {
            "season":1,
            "episodes":[
               {
                  "season":1,
                  "number":7
               },
               {
                  "season":1,
                  "number":6
               },
               {
                  "season":1,
                  "number":5
               },
               {
                  "season":1,
                  "number":4
               },
               {
                  "season":1,
                  "number":3
               },
               {
                  "season":1,
                  "number":2
               },
               {
                  "season":1,
                  "number":1
               }
            ]
         }
      ]
   },
   {
      "title":"The Big Bang Theory",
      "year":2007,
      "url":"http://trakt.tv/show/the-big-bang-theory",
      "first_aired":1190617200,
      "country":"United States",
      "overview":"Leonard Hofstadter and Sheldon Cooper are brilliant physicists, the kind of \"beautiful minds\" that understand how the universe works. But none of that genius helps them interact with people, especially women. All this begins to change when a free-spirited beauty named Penny moves in next door. Sheldon, Leonard's roommate, is quite content spending his nights playing Klingon Boggle with their socially dysfunctional friends, fellow CalTech scientists Howard Wolowitz and Raj Koothrappali. However, Leonard sees in Penny a whole new universe of possibilities... including love.",
      "runtime":30,
      "network":"CBS",
      "air_day":"Thursday",
      "air_time":"8:00pm",
      "certification":"TV-PG",
      "imdb_id":"tt0898266",
      "tvdb_id":80379,
      "tvrage_id":8511,
      "ended":false,
      "images":{
         "poster":"http://slurm.trakt.us/images/posters/34.54.jpg",
         "fanart":"http://slurm.trakt.us/images/fanart/34.54.jpg",
         "banner":"http://slurm.trakt.us/images/banners/34.54.jpg"
      },
      "ratings":{
         "percentage":89,
         "votes":15766,
         "loved":14798,
         "hated":968
      },
      "genres":[
         "Comedy"
      ],
      "seasons":[
         {
            "season":0,
            "episodes":[
               {
                  "season":0,
                  "number":17
               },
               {
                  "season":0,
                  "number":16
               },
               {
                  "season":0,
                  "number":15
               },
               {
                  "season":0,
                  "number":14
               },
               {
                  "season":0,
                  "number":13
               },
               {
                  "season":0,
                  "number":12
               },
               {
                  "season":0,
                  "number":11
               },
               {
                  "season":0,
                  "number":10
               },
               {
                  "season":0,
                  "number":9
               },
               {
                  "season":0,
                  "number":8
               },
               {
                  "season":0,
                  "number":6
               },
               {
                  "season":0,
                  "number":5
               },
               {
                  "season":0,
                  "number":4
               },
               {
                  "season":0,
                  "number":3
               },
               {
                  "season":0,
                  "number":2
               },
               {
                  "season":0,
                  "number":1
               },
               {
                  "season":0,
                  "number":0
               },
               {
                  "season":0,
                  "number":0
               },
               {
                  "season":0,
                  "number":0
               },
               {
                  "season":0,
                  "number":0
               },
               {
                  "season":0,
                  "number":0
               }
            ]
         },
         {
            "season":5,
            "episodes":[
               {
                  "season":5,
                  "number":16
               },
               {
                  "season":5,
                  "number":15
               },
               {
                  "season":5,
                  "number":14
               },
               {
                  "season":5,
                  "number":13
               },
               {
                  "season":5,
                  "number":12
               },
               {
                  "season":5,
                  "number":11
               },
               {
                  "season":5,
                  "number":10
               },
               {
                  "season":5,
                  "number":9
               },
               {
                  "season":5,
                  "number":8
               },
               {
                  "season":5,
                  "number":7
               },
               {
                  "season":5,
                  "number":6
               },
               {
                  "season":5,
                  "number":5
               },
               {
                  "season":5,
                  "number":4
               },
               {
                  "season":5,
                  "number":3
               },
               {
                  "season":5,
                  "number":2
               },
               {
                  "season":5,
                  "number":1
               }
            ]
         },
         {
            "season":4,
            "episodes":[
               {
                  "season":4,
                  "number":13
               },
               {
                  "season":4,
                  "number":12
               },
               {
                  "season":4,
                  "number":11
               },
               {
                  "season":4,
                  "number":10
               },
               {
                  "season":4,
                  "number":9
               },
               {
                  "season":4,
                  "number":8
               },
               {
                  "season":4,
                  "number":7
               },
               {
                  "season":4,
                  "number":6
               },
               {
                  "season":4,
                  "number":5
               },
               {
                  "season":4,
                  "number":4
               },
               {
                  "season":4,
                  "number":3
               },
               {
                  "season":4,
                  "number":2
               },
               {
                  "season":4,
                  "number":1
               }
            ]
         },
         {
            "season":3,
            "episodes":[
               {
                  "season":3,
                  "number":13
               },
               {
                  "season":3,
                  "number":12
               },
               {
                  "season":3,
                  "number":11
               },
               {
                  "season":3,
                  "number":10
               },
               {
                  "season":3,
                  "number":9
               },
               {
                  "season":3,
                  "number":8
               },
               {
                  "season":3,
                  "number":7
               },
               {
                  "season":3,
                  "number":6
               },
               {
                  "season":3,
                  "number":5
               },
               {
                  "season":3,
                  "number":4
               },
               {
                  "season":3,
                  "number":3
               },
               {
                  "season":3,
                  "number":2
               },
               {
                  "season":3,
                  "number":1
               }
            ]
         },
         {
            "season":2,
            "episodes":[
               {
                  "season":2,
                  "number":13
               },
               {
                  "season":2,
                  "number":12
               },
               {
                  "season":2,
                  "number":11
               },
               {
                  "season":2,
                  "number":10
               },
               {
                  "season":2,
                  "number":9
               },
               {
                  "season":2,
                  "number":8
               },
               {
                  "season":2,
                  "number":7
               },
               {
                  "season":2,
                  "number":6
               },
               {
                  "season":2,
                  "number":5
               },
               {
                  "season":2,
                  "number":4
               },
               {
                  "season":2,
                  "number":3
               },
               {
                  "season":2,
                  "number":2
               },
               {
                  "season":2,
                  "number":1
               }
            ]
         },
         {
            "season":1,
            "episodes":[
               {
                  "season":1,
                  "number":7
               },
               {
                  "season":1,
                  "number":6
               },
               {
                  "season":1,
                  "number":5
               },
               {
                  "season":1,
                  "number":4
               },
               {
                  "season":1,
                  "number":3
               },
               {
                  "season":1,
                  "number":2
               },
               {
                  "season":1,
                  "number":1
               }
            ]
         }
      ]
   }
]